"district","n","mu","var","f"
"A.Konduru",695,0.0206559067834811,1.17562916269004,0.372661870503597
"Achanta",296,0.103978317552536,1.49189245936241,0.337837837837838
"Addanki",1457,-0.900590177743756,0.772582735992006,0.830473575840769
"Addateegala",170,0.0896071827603697,0.577104069836644,0.305882352941176
"Adoni",2426,-0.291268196651636,1.16781685248863,0.54204451772465
"Agali",356,-0.239354003447401,0.312005589445653,0.626404494382023
"Agiripalle",875,-0.221640496004394,0.721716415444345,0.489142857142857
"Ainavilli",1033,-0.110327001268378,0.507154275871323,0.530493707647628
"Akividu",561,0.234935296291742,0.399438187678788,0.24777183600713
"Alamuru",403,0.241590834346046,0.613173114562984,0.369727047146402
"Allagadda",2536,0.0856128782079396,1.33902161910953,0.44282334384858
"Allavaram",379,-0.039846159231153,0.360536762424164,0.300791556728232
"Allur",1380,-1.25086757855156,0.528199099651866,0.968840579710145
"Alur",2917,-0.00386818671602739,0.681730758416504,0.384984573191635
"Amadagur",589,-1.36246603010119,0.576309732138504,0.977928692699491
"Amadalavalasa",938,-0.254806162007882,0.416818343242293,0.581023454157783
"Amalapuram",465,-0.181997672278275,0.554858731421221,0.425806451612903
"Amarapuram",938,-0.317985416260619,0.288462408817211,0.728144989339019
"Amaravathi",2027,-1.04454039752967,0.724805587407802,0.920078934385792
"Ambajipeta",597,1.09869108238396,0.163190731936471,0.0016750418760469
"Amruthalur",1721,0.328797337373147,0.246846301777842,0.174317257408483
"Anakapalle",102,0.0599997030469992,0.187959087306357,0.401960784313726
"Anantapur",751,-0.328092886758866,0.336716089394015,0.660452729693742
"Ananthasagaram",1248,-1.96896109618986,0.481461769988452,0.987179487179487
"Anaparthy",366,1.16694392180454,0.0747520075149408,0
"Anumasamudrampeta",1092,-1.1945459648804,0.80528371992484,0.89010989010989
"Araku Valley",242,-0.149726334307443,0.566152043801617,0.516528925619835
"Ardhaveedu",1366,-0.560612719491745,1.23593185695226,0.63909224011713
"Aspari",1719,0.123440910173449,0.243550432693429,0.248400232693426
"Atchampet",1052,-0.254475406358907,1.06122589609439,0.506653992395437
"Atlur",866,-0.424553989320362,0.127692007995298,0.853348729792148
"Atmakur",2334,-1.51823627878343,1.40103153218533,0.958011996572408
"Atreyapuram",233,0.825686015291451,0.181110673957209,0.0300429184549356
"Attili",543,-0.193538004267496,0.346166972922478,0.504604051565378
"Avanigadda",206,0.034130565275679,0.204810865379776,0.281553398058252
"B.Kodur",206,-0.419381530610361,0.181153810296908,0.713592233009709
"B_Kothakota",1289,-0.087393940519059,0.484555990361422,0.425135764158262
"Badangi",982,-0.374662141257437,0.434659280052911,0.631364562118126
"Badvel",1538,-0.2308771386618,0.294447738642732,0.5851755526658
"Baireddipalle",877,-0.162448490526728,0.207009867662956,0.576966932725199
"Balayapalle",612,-0.99076269930537,0.94033233710186,0.812091503267974
"Balijipeta",954,-0.241849806839194,0.179196098011698,0.665618448637317
"Ballikurava",945,-0.434146076355618,0.863421507091674,0.638095238095238
"Banaganapalle",1975,0.150001049954258,0.85491349191673,0.334177215189873
"Bandi Atmakur",1368,-0.0158505610596742,1.68790452649504,0.475146198830409
"Bangarupalem",838,0.134544086046379,0.279027769190086,0.267303102625298
"Bantumilli",23,-0.0547610878432226,0.158911116311268,0.782608695652174
"Bapatla",2290,-0.360691881745909,0.614223122175383,0.558515283842795
"Bapulapadu",1123,0.163012341866079,0.226969067654579,0.269813000890472
"Bathalapalle",760,-1.76409207528746,0.639326207966053,0.997368421052632
"Bellamkonda",613,-0.519979415771151,0.499026811852722,0.756933115823817
"Beluguppa",1037,-0.265510573879891,0.228903392742281,0.65380906460945
"Bestawaripeta",1357,-1.3309899359675,0.782370430237145,0.944731024318349
"Bethamcherla",1683,-1.40892265567593,0.661203821925869,0.985739750445633
"Bhamini",1116,0.13774039953618,0.290488127166557,0.300179211469534
"Bhattiprolu",898,0.0527283052257167,0.500059648618446,0.365256124721604
"Bhimadole",476,0.222371523448821,0.836840131407069,0.388655462184874
"Bhimavaram",331,0.332606204901994,0.794166378575507,0.274924471299094
"Bhogapuram",562,-0.462084886588767,0.261148674831555,0.768683274021352
"Biccavolu",612,0.0845731482458807,0.374826889717179,0.369281045751634
"Bobbili",1901,-0.776092547088164,0.578010529522763,0.905312993161494
"Bogole",837,-0.681154278181749,0.618416587151071,0.813620071684588
"Bollapalle",696,-0.837600625224987,0.591186299676334,0.905172413793103
"Bommanahal",1038,-0.145333992159923,0.288735116883056,0.673410404624277
"Bondapalle",1214,-0.166904274498658,0.143525225550218,0.574135090609555
"Brahmamgarimattam",1079,-0.547508267890394,0.160275699491508,0.913809082483781
"Brahmasamudram",771,-0.363245855431523,0.2323373614109,0.778210116731518
"Buchinaidu Khandriga",471,-0.165211771526507,0.256317266039504,0.535031847133758
"Buchireddipalem",928,-1.8354977792094,1.19180141546139,0.978448275862069
"Bukkapatnam",291,-0.272393214878992,0.254905073873528,0.683848797250859
"Burja",1217,0.0579751002034369,0.205908270779268,0.377156943303205
"Butchayyapeta",164,0.111677152670515,0.222696920323008,0.25609756097561
"Buttayagudem",46,-0.438409690146479,0.700334369507773,0.782608695652174
"C.Belagal",1109,-1.13234133409571,0.884179459996668,0.931469792605951
"Chagalamarri",2095,-0.0877292467036402,1.16793570032604,0.408591885441527
"Chagallu",167,0.115834802052165,0.443791336382897,0.359281437125749
"Chakrayapet",1294,-0.188591565850583,0.609944568096568,0.492272024729521
"Challapalle",546,0.201074731026893,0.305283178433368,0.294871794871795
"Chandarlapadu",1859,-1.42487359647964,1.06474115698544,0.93652501344809
"Chandra Sekhara Puram",540,-1.09702038291096,0.914807916183664,0.857407407407407
"Chandragiri",131,-0.292973745280714,0.0593085507817885,0.732824427480916
"Chapad",1287,-0.8429187195673,0.950670266724934,0.743589743589744
"Chatrai",883,0.261458920202687,0.25433697269312,0.232163080407701
"Chebrolu",1546,0.27807555310812,0.835381052230947,0.357697283311772
"Cheedikada",425,0.279674729875901,0.710044203718558,0.392941176470588
"Cheepurupalle",662,0.0462833447666389,0.382516502276507,0.45619335347432
"Chejerla",1202,-0.872597844688421,0.695258048916763,0.831114808652246
"Chennur",476,-0.612545174848732,0.172210697569371,0.90546218487395
"Cherukupalle H/O Arumbaka",1143,-0.114128193679597,0.53117006256069,0.478565179352581
"Chilakaluripet  H/O.Purushotha Patnam",999,-0.0942810536045447,0.404698858859466,0.600600600600601
"Chilamathur",514,-0.225062074083556,0.364973612272709,0.616731517509728
"Chillakur",1088,-1.17796060146896,0.684417308886683,0.901654411764706
"Chimakurthi",1491,-0.909175629306228,0.910385755793719,0.861167002012072
"Chinaganjam",1203,-0.0392902026851661,1.17518029619152,0.500415627597672
"Chinnagottigallu",606,-0.208148080694121,0.351604388938882,0.551155115511551
"Chinnamandem",651,-0.104141729837325,0.29458527967946,0.459293394777266
"Chintalapudi",789,0.220431077138701,0.742680187680258,0.245880861850444
"Chintapalle",435,-0.140254554232391,0.244351708827437,0.533333333333333
"Chinthakommadinne",1418,-0.574022982840978,0.261890998467301,0.861777150916784
"Chippagiri",1790,-0.0961688714025138,0.465402951369024,0.366480446927374
"Chirala",147,-0.372131776565376,0.743257471223249,0.537414965986395
"Chittamur",2256,-1.25473162234594,0.657093551441807,0.960992907801418
"Chittoor",53,0.204789741392223,0.149433464643736,0.132075471698113
"Chitvel",638,-0.298566257423191,0.200563858177878,0.641065830721003
"Chodavaram",517,0.107604186638564,0.223216479809923,0.276595744680851
"Chowdepalle",509,-0.295983431535117,0.322672065217942,0.68958742632613
"Cumbum",532,-1.05652127366838,1.19448597855366,0.906015037593985
"D.Hirehal",85,-0.312619142290432,0.11349890220562,0.752941176470588
"Dachepalle",2915,-0.395692192795596,0.979941700803862,0.659348198970841
"Dagadarthi",1160,-0.5278415605632,0.437629030035055,0.81551724137931
"Dakkili",476,-0.730487333218677,0.565494928113789,0.892857142857143
"Darsi",1761,0.192033765816644,1.29626913245364,0.33503691084611
"Dattirajeru",962,-0.463902372355854,0.265099942339165,0.803534303534304
"Denduluru",615,0.29892202126525,0.807207999244914,0.222764227642276
"Denkada",852,-0.211625033427832,0.215306039602503,0.657276995305164
"Devanakonda",2076,-0.925921153388644,1.77977638555829,0.757225433526012
"Devarapalle",669,0.256352673682852,0.414340245472495,0.255605381165919
"Devipatnam",64,0.832240698353076,1.05916951965517,0.09375
"Dharmavaram",1326,-1.53660689326253,0.929282835842676,0.957013574660634
"Dhone",1256,-0.73360107749388,1.23930700494487,0.574044585987261
"Donakonda",1026,0.29715992980339,0.899248263949447,0.278752436647173
"Doravarisatram",827,-1.58724068948628,0.408498508080313,0.983071342200726
"Dornala",434,-0.610789759368402,0.873408796187526,0.762672811059908
"Dornipadu",996,0.0707057850087442,1.17967486883224,0.407630522088353
"Duggirala",1157,0.410236499303517,0.373885688869335,0.159031979256698
"Dumbriguda",167,-0.0154607913186572,0.321890524243694,0.461077844311377
"Durgi",758,-0.687604223196636,1.3091050852179,0.671503957783641
"Duttalur",1142,-2.64228587689863,0.683411027819898,0.994746059544658
"Duvvur",818,-0.797447177788678,0.51048517558483,0.82640586797066
"Dwarakatirumala",972,0.244887475572822,0.394153913001508,0.297325102880658
"Edlapadu",1064,-0.0963177251371124,0.31011756694033,0.427631578947368
"Eluru",276,0.473465001625261,0.205315858099775,0.0869565217391304
"Etcherla",753,-0.043521495495304,0.353081034160465,0.422310756972112
"G.Konduru",2410,0.0799699952294429,0.208068189694581,0.276763485477178
"Gadivemula",1486,0.0412735257119846,0.489505599237953,0.395020188425303
"Gajapathinagaram",1119,-0.300981375180538,0.61863788079205,0.378909740840036
"Galiveedu",848,-0.585205372915615,0.305304309460416,0.826650943396226
"Gampalagudem",1381,0.138082989709306,0.340118467650499,0.293265749456915
"Ganapavaram",520,0.62681795449843,0.675602852100756,0.192307692307692
"Gandepalle",617,-0.117400587724889,0.492738661266929,0.551053484602917
"Gandlapenta",776,-0.771586962984823,0.672978695929103,0.795103092783505
"Gangadhara Nellore",831,0.293600533456194,0.310701453405665,0.253910950661853
"Gangavaram",1298,-0.142148382204934,0.283256741596855,0.522342064714946
"Ganguvarisigadam",1572,-0.264195847947082,0.480808617287203,0.542620865139949
"Gannavaram",1379,0.406967046267372,0.680430937257616,0.213923132704859
"Gantyada",890,-0.23472673248034,0.477096252523634,0.568539325842697
"Gara",1508,0.301528123914415,0.604149954190706,0.245358090185676
"Garividi",795,-0.396402440433503,0.344270595588977,0.644025157232704
"Garladinne",514,-0.272012347338705,0.237056826657048,0.708171206225681
"Garugubilli",1372,-0.343902180873459,0.398968659055974,0.604956268221574
"Ghantasala",621,0.441969666701686,0.550702370652645,0.169082125603865
"Giddalur",1881,-1.60117620866235,1.72428491488957,0.834662413609782
"Gokavaram",504,0.269699636474292,0.499693413252883,0.240079365079365
"Gollaprolu",417,-0.136580447910742,0.428108250654305,0.510791366906475
"Golugonda",45,0.0148894085410855,0.174563021315944,0.355555555555556
"Gonegandla",2770,-0.0968828453232542,0.851973609049901,0.431407942238267
"Gooty",1209,-0.653943168621185,0.999519841951476,0.69727047146402
"Gopalapuram",197,0.306828651204364,0.608465130012332,0.32994923857868
"Gopavaram",110,-0.464175226353175,0.0644905860948594,1
"Gorantla",936,-0.194486219919186,0.340765528599363,0.592948717948718
"Gospadu",1947,-0.392170354263765,0.956897780149006,0.631227529532614
"Gudem Kotha Veedhi",468,0.158477900285681,0.169580734772387,0.264957264957265
"Gudi Palle",301,1.11551473495446,0.454829864406867,0.0863787375415282
"Gudibanda",578,-0.199092090211017,0.287791076263246,0.624567474048443
"Gudipala",265,0.166380008658554,0.389393175327135,0.316981132075472
"Gudivada",352,-0.150949941706512,0.280766728285275,0.565340909090909
"Gudlavalleru",376,0.148625829649062,0.2038577469406,0.297872340425532
"Gudluru",1328,0.437589109399151,0.434433001602339,0.162650602409639
"Gudur",2638,-0.890657803448689,1.17428070264864,0.84040940106141
"Guduru",62,0.457943299486613,0.107109096502273,0
"Gummagatta",584,-0.324775052218829,0.12371836431809,0.856164383561644
"Gummalakshmipuram",508,-0.346621322551818,0.347034381180529,0.584645669291339
"Guntakal",1077,-0.917602729627448,0.963184659192715,0.749303621169916
"Guntur",225,0.00523667709028269,0.753195070286765,0.533333333333333
"Gurazala",2184,-0.393866706712823,0.275986464038802,0.724358974358974
"Gurla",1057,-0.365667340702083,0.389742868946869,0.752128666035951
"Gurramkonda",602,0.0685430568999072,0.563105627154054,0.45514950166113
"Halaharvi",1379,-0.0368968207061996,0.498108705797547,0.453226976069616
"Hanumanthuni Padu",1063,-1.17099802392782,1.0738351374893,0.867356538099718
"Hindupur",217,-0.30213562117269,0.243708394208963,0.755760368663594
"Hiramandalam",723,-0.250117922918214,0.488197149392145,0.529737206085754
"Holagunda",1499,0.0495899214680149,0.843587840128702,0.334889926617745
"Hukumpeta",40,-0.10688622624294,0.384985868766113,0.4
"I. Polavaram",267,-1.3573575163234,0.564444515395271,0.99250936329588
"Ibrahimpatnam",13,-0.19192914495429,0.0255736913913949,0.692307692307692
"Ichchapuram",1148,0.0257949681970039,0.472150443051137,0.407665505226481
"Indukurpet",642,-1.08895500869933,0.483079795165782,0.995327102803738
"Inkollu",166,-0.213112220375433,1.07583129397099,0.512048192771084
"Ipur",851,-1.04724325184289,0.460129286337046,0.937720329024677
"Iragavaram",468,0.214890652206507,0.536066127264088,0.352564102564103
"Irala",914,0.366780437886499,0.318306366825648,0.181619256017505
"Jaggampeta",742,0.754429783084286,0.708494036534112,0.126684636118598
"Jaggayyapeta",879,-0.0226431567887891,0.53687539201244,0.353811149032992
"Jaladanki",1464,-0.543399792025001,0.627626041555012,0.747950819672131
"Jalumuru",1744,0.128743651540077,0.491992573189908,0.322247706422018
"Jami",980,-0.0333293304163185,0.58987600987629,0.41734693877551
"Jammalamadugu",825,-0.904532401279338,0.586599107956692,0.84969696969697
"Janakavarampanguluru",640,-0.758516335276815,0.442191123170442,0.8875
"Jangareddigudem",396,0.392610569144982,0.597634394215949,0.265151515151515
"Jeelugu Milli",359,0.11928009118061,0.646828745079018,0.345403899721448
"Jiyyammavalasa",1451,-0.322795093728169,0.236713732275519,0.662301860785665
"Jupadu Bungalow",696,-1.10472966844504,1.05105994838303,0.887931034482759
"K.Kotapadu",211,0.375095799116781,0.205004308088679,0.0758293838862559
"K_V_P_Puram",160,-0.0802430908600894,0.387399066407208,0.44375
"Kadapa",262,-0.181897052460896,0.314498205038626,0.595419847328244
"Kadiam",436,1.18018999548028,0.11167395680407,0
"Kadiri",606,-0.685609539338804,0.734928251303237,0.79042904290429
"Kaikalur",32,0.140555879702174,0.0865269982408374,0.125
"Kajuluru",715,1.33465801575102,0.431534790789196,0.0405594405594406
"Kakinada (Rural)",143,0.460933244339324,0.470760264345756,0.20979020979021
"Kakumanu",1778,-0.0930404164938677,0.40371883537255,0.47525309336333
"Kalakada",693,-0.248773196877557,0.117532350810086,0.639249639249639
"Kalasapadu",600,-0.901836480326917,0.463454562938076,0.896666666666667
"Kalidindi",242,0.117358650705769,0.478491143833931,0.37603305785124
"Kaligiri",807,-1.44947019421014,0.518543457970719,0.946716232961586
"Kalikiri",1510,-0.19005548762138,0.175128139377132,0.617880794701987
"Kallur",1297,-0.843482842644143,0.768283344676571,0.898997686969931
"Kaluvoya",1246,-1.23779522657077,1.35667597752964,0.860353130016051
"Kalyandurg",967,-0.00795234525081756,0.404674396628444,0.493278179937952
"Kamalapuram",1076,-0.525411134184468,0.22773663910155,0.844795539033457
"Kamavarapukota",547,0.368359824131076,0.697645423095738,0.303473491773309
"Kambadur",1361,-0.183768088335104,0.304985948324028,0.56208670095518
"Kambhamvaripalle",2059,-0.178266825281021,0.267253988180574,0.566779990286547
"Kambhavaripalle",205,-0.140801282599782,0.274005351648055,0.302439024390244
"Kanaganapalle",385,-1.18021994019323,0.65891333317159,0.945454545454545
"Kanchikacherla",840,-1.28626925733375,0.72744598448003,0.928571428571429
"Kanchili",998,0.0160475482229232,0.359307941433316,0.308617234468938
"Kandukur",1284,-0.174666525527028,0.306877021137558,0.514797507788162
"Kanekal",1506,-0.192666558935592,0.112620036397316,0.621513944223108
"Kanigiri",1254,-0.763938788766546,1.19375163220623,0.810207336523126
"Kankipadu",715,0.636849640075722,0.406270919548007,0.13986013986014
"Kapileswarapuram",214,1.86089392057719,0.388353078859544,0.014018691588785
"Karamchedu",1399,-0.920781371133032,0.638839496109976,0.870621872766262
"Karapa",531,0.129655941617509,0.164399687374323,0.156308851224105
"Karempudi",2400,-0.523207790203328,0.78981068497737,0.759583333333333
"Karlapalem",1371,-0.387576921369445,0.426745173704567,0.639679066374909
"Karvetinagar",271,-0.210752504915225,0.206588155643087,0.583025830258303
"Katrenikona",339,-0.298346142458372,0.421903752610106,0.563421828908555
"Kavali",612,-0.432453783416953,0.198620983618218,0.82516339869281
"Kaviti",407,0.260530224813677,0.144802502217637,0.176904176904177
"Khajipet",340,-0.406945564270919,0.114957430215356,0.826470588235294
"Kirlampudi",708,0.672436715549309,0.477930063478366,0.0861581920903955
"Kodavalur",1265,-0.826478369576823,0.864039941868055,0.789723320158103
"Kodumur",1124,-1.20315056634601,0.834223241409765,0.926156583629893
"Kodur",81,-0.285108182205862,0.236651715193183,0.654320987654321
"Koduru",349,-0.0875664004894921,0.212822350002833,0.467048710601719
"Koilkuntla",1336,0.0458652535401725,0.909156709056725,0.36751497005988
"Kolimigundla",1014,-0.843521969968232,0.692522871643862,0.872781065088757
"Kollipara",973,0.815314257889286,0.276068565105892,0.0472764645426516
"Kollur",682,-0.245971157493246,0.623776303525742,0.590909090909091
"Komarada",634,-0.415527689317748,0.320057368654792,0.709779179810726
"Komarolu",800,-1.35039742831553,0.730554153626077,0.9025
"Konakanamitla",1438,-0.849443464971329,0.980707597991129,0.690542420027816
"Kondapi",324,-0.215568992233235,1.01697835611813,0.481481481481481
"Kondapuram",2420,-1.20073447105526,2.25193013380819,0.746694214876033
"Korisapadu",876,-0.0778325117857361,2.21625120261526,0.515981735159817
"Korukonda",814,-0.299241220640784,0.394834695651046,0.582309582309582
"Kosigi",1714,0.0510833288529849,0.375135200311058,0.299299883313886
"Kota",548,-1.70003466676791,1.0366140638477,0.956204379562044
"Kotabommali",1253,-0.147958181625832,0.41311624528054,0.423782920989625
"Kotananduru",307,0.104310175778075,0.451345173780003,0.328990228013029
"Kotauratla",300,0.158172493660705,0.188806333061349,0.296666666666667
"Kotha Patnam",1231,-0.804814248892804,1.51878263882591,0.755483346872461
"Kothacheruvu",660,-0.812612720500812,0.84649618500087,0.806060606060606
"Kothapalle",986,-0.640435898617844,0.487145117336746,0.81237322515213
"Kothapeta",375,0.282137877732286,0.27153919525258,0.224
"Kothavalasa",353,-0.455330255656779,0.439555632731831,0.671388101983003
"Kothuru",997,-0.196550077562667,0.490366280004112,0.505516549648947
"Kovur",1063,-1.48587485783138,1.83957223964962,0.809031044214487
"Kovvur",323,0.400965670655156,0.356215050030783,0.210526315789474
"Kowthalam",1729,-0.290388178936819,0.826921748627773,0.528629265471371
"Koyyalagudem",265,0.160480618809064,0.523631671508835,0.286792452830189
"Krishnagiri",2057,-0.687687360713379,0.582996826911602,0.8458920758386
"Krosuru",948,-0.236346089135211,0.827085675034904,0.543248945147679
"Kruthivennu",3,0.74916011122242,0.0339689325223834,0
"Kudair",1226,-0.244714549013552,0.080920392168136,0.713703099510604
"Kukunoor",45,0.0916107573705139,0.114420199274055,0.2
"Kunavaram",322,0.532688816805718,0.757388999643203,0.248447204968944
"Kundurpi",482,-0.287892474370961,0.198663681903262,0.686721991701245
"Kuppam",112,0.407541227766204,0.874996350428417,0.482142857142857
"Kurabalakota",481,0.0808501194759624,0.519863690427128,0.367983367983368
"Kurichedu",773,0.453060236407398,1.16952545515,0.282018111254851
"Kurnool",1749,-0.676461810936315,0.543721969503931,0.873070325900515
"Kurupam",469,-0.115843934456231,0.277590469266099,0.462686567164179
"Lakkavarapukota",975,-0.470353558108759,0.438930377938081,0.748717948717949
"Lakkireddipalle",154,-0.544701206346539,0.224210328480418,0.831168831168831
"Laveru",1313,-0.0830117032629193,0.280424725142476,0.363290175171363
"Lepakshi",248,-0.257164035584653,0.613210227075213,0.665322580645161
"Lingala",394,-1.16107295293242,0.593944332536939,0.941624365482233
"Lingapalem",508,0.185963856760308,0.33291178789075,0.312992125984252
"Lingasamudram",846,-0.802602493752755,1.14127856347889,0.765957446808511
"Machavaram",537,-0.675959091531932,0.748334455371072,0.74487895716946
"Macherla",562,-0.632850720202431,1.4508373886296,0.647686832740214
"Machilipatnam",83,-0.0303605396510851,0.262545925347523,0.457831325301205
"Madakasira",744,-0.237344972839725,0.23707812987043,0.658602150537634
"Maddikera (East)",1321,-1.31441748540437,0.749907795449346,0.955336866010598
"Maddipadu",375,-0.867646073287131,1.8857558834127,0.834666666666667
"Madugula",146,0.0765225943055046,0.154493028944667,0.39041095890411
"Mahanandi",815,-0.154263283592417,1.46986328076251,0.541104294478528
"Makavarapalem",51,-0.224073798733825,0.33280580330405,0.607843137254902
"Makkuva",574,-0.283323896749558,0.232703376213173,0.59581881533101
"Malikipuram",695,0.81169889962735,0.224216189395073,0.0244604316546763
"Mamidikuduru",516,-0.066343945720021,0.354523214345458,0.633720930232558
"Mandanpalle",429,0.146579391424723,0.695985398435167,0.407925407925408
"Mandapeta",277,0.405815054385277,0.407951869546639,0.173285198555957
"Mandasa",972,0.209876150579546,0.568161715174757,0.337448559670782
"Mandavalli",298,0.743769001850515,0.33202712589312,0.0805369127516778
"Mangalagiri",454,0.28720413992267,0.405741865282453,0.167400881057269
"Mantralayam",1187,-0.171932109283473,0.686292422013197,0.433024431339511
"Manubolu",1270,-0.181835629490029,0.936501855270493,0.397637795275591
"Maredumilli",15,0.836764317481809,1.11666498703549,0.2
"Markapur",960,-1.35866626772895,1.79546426945155,0.828125
"Marripadu",1937,-2.40034316293659,0.755295739618244,1
"Marripudi",732,0.463313987988543,1.49898199284353,0.248633879781421
"Martur",902,-0.818967450173662,1.06852466893146,0.710643015521064
"Medikonduru",1068,-0.468282542192801,0.73294928865916,0.634831460674157
"Meliaputti",862,0.18292655457969,0.28796920343711,0.221577726218097
"Mentada",1278,-0.781449813958623,0.487480986174477,0.852895148669797
"Merakamudidam",903,-0.586923007817872,0.490480356181681,0.727574750830565
"Midthur",1528,0.357620075939302,0.943241043385015,0.245418848167539
"Mogalthur",154,-0.276174130632696,1.62376338008321,0.448051948051948
"Mopidevi",507,0.339989273885942,0.380300292516187,0.195266272189349
"Movva",666,0.411454919065436,0.160544016211309,0.0795795795795796
"Muddanur",927,-1.05676914256835,1.07509297888441,0.759439050701187
"Mudigubba",2367,-1.23958794896969,1.1587146356963,0.892268694550063
"Mudinepalle",488,0.19152795885864,0.15854615727287,0.217213114754098
"Mulakala Cheruvu",594,0.0456633722637269,0.423288988724927,0.444444444444444
"Mummidivaram",431,-0.87886979264444,0.376334468166159,0.870069605568445
"Munchingi Puttu",360,-1.10904156781439,1.28562048205603,0.819444444444444
"Mundlamuru",1174,-0.9367143414767,1.21449273945782,0.789608177172061
"Muppalla",958,-0.843534492140856,0.602467406945708,0.918580375782881
"Musunuru",812,-0.286119733747953,0.801064725468285,0.571428571428571
"Muthukur",925,-0.377095123211727,0.463507735152062,0.714594594594595
"Mylavaram",1339,-0.53511651255059,0.760917737555088,0.58924570575056
"Nadendla",1602,0.096748486838476,0.396981535939579,0.376404494382022
"Nagalapuram",499,-0.106480167721573,0.360347398581301,0.466933867735471
"Nagaram",1546,-0.185531362812393,0.763292820001577,0.501940491591203
"Nagari",68,-0.319844587894276,0.133169023164156,0.691176470588235
"Nagayalanka",281,-0.0722179835642932,0.202609097808389,0.508896797153025
"Naguluppala Padu",1139,-0.677692813931828,0.744005255954315,0.802458296751536
"Naidupet",1082,-0.560950904351822,0.552686366236284,0.713493530499076
"Nakkapalle",142,0.297389992794635,0.477218114617022,0.23943661971831
"Nallacheruvu",516,0.295551683962586,1.0389313996796,0.226744186046512
"Nallajerla",1172,0.034556508287667,0.597340504109139,0.369453924914676
"Nallamada",516,-1.0179934180787,0.745208947648908,0.945736434108527
"Nambulipulikunta",826,-1.46067850612726,0.58170850973629,0.993946731234867
"Nandalur",522,-0.712777345369482,0.223382706729391,0.896551724137931
"Nandavaram",746,-0.167637178722032,0.668448616533687,0.506702412868633
"Nandigam",1415,0.0841262827578598,0.357755158558397,0.306713780918728
"Nandigama",626,-1.01293183808587,0.618075834559791,0.878594249201278
"Nandikotkur",892,-0.943442184150908,0.296435149743337,0.98542600896861
"Nandivada",535,0.625749106224373,0.89412954859746,0.168224299065421
"Nandyal",1695,0.139980692005035,0.573540561547304,0.312684365781711
"Narasannapeta",1598,-0.0354848503941763,0.869510260804828,0.502503128911139
"Narasapuram",211,0.38116631842688,0.685600170547416,0.23696682464455
"Narasaraopet",1403,-0.32379389937765,0.360618692927036,0.670705630791162
"Narayanavanam",129,0.0414587653646794,0.224404096349727,0.403100775193798
"Narpala",988,-1.16150054809727,0.583021083287118,0.92914979757085
"Narsipatnam",265,-0.127556454579845,0.187376949773798,0.483018867924528
"Nathavaram",470,-0.121059091524732,0.207267234201911,0.5
"Nekarikallu",881,-0.172722320783814,0.391224394752111,0.465380249716232
"Nellimarla",587,-0.287835979488011,0.487692917143232,0.550255536626917
"NELLIPAKA",23,0.600415322110098,0.104456555419018,0
"Nellore",663,-1.19289291557305,1.2948082116901,0.785822021116139
"Nidadavole",376,1.42991944001207,0.422168210313742,0.0292553191489362
"Nidamarru",594,0.661593315638106,1.43674601153306,0.269360269360269
"Nimmanapalle",427,0.0673767408365673,0.581360643904044,0.416861826697892
"Nindra",338,-0.173553540894849,0.302083342879074,0.529585798816568
"Nizampatnam",794,-0.702903132672288,0.758739504232235,0.798488664987406
"Nuzendla",2233,-1.0978856644525,0.837809740215099,0.895208240035826
"Nuzvid",765,0.427915579896084,0.724371673667965,0.260130718954248
"Obuladevaracheruvu",1089,-0.699476918329512,0.619747780565308,0.823691460055096
"Obulavaripalle",222,-0.424171180940281,0.437254754606385,0.716216216216216
"Ojili",881,-1.34607773099526,1.00631702789827,0.996594778660613
"Ongole",574,-1.07079180715639,0.249582251243607,0.993031358885017
"Orvakal",1368,-1.04464208847305,1.21580823481242,0.866959064327485
"Owk",1339,-0.754633821442117,1.22430402974904,0.812546676624347
"P.Gannavaram",240,-0.0794513438577079,0.307106360180505,0.479166666666667
"Pachipenta",576,-0.582044235529104,0.394596613700898,0.788194444444444
"Paderu",7,0.0953101798043249,0,0
"Pagidyala",441,-0.511914416484439,0.544572245372491,0.743764172335601
"Pakala",573,-0.208826284030475,0.110646739393237,0.534031413612565
"Palacoderu",554,0.315508095575361,0.948892548321231,0.467509025270758
"Palacole",542,1.04476835112997,0.518713484415643,0.0498154981549815
"Palakonda",1951,0.123267818176046,0.537285955351935,0.346488980010251
"Palamaner",520,0.176919269404305,0.672927240534534,0.546153846153846
"Palasa",535,-0.0810297615615405,0.426772977590578,0.633644859813084
"Palasamudram",80,0.019175283819026,0.147533227804896,0.4125
"Pamarru",257,-0.0940258412624329,0.395291066756884,0.56420233463035
"Pamidi",1009,-0.338763967486075,0.301409671823276,0.694747274529237
"Pamidimukkala",1080,0.170549471040141,0.566602073532379,0.249074074074074
"Pamulapadu",1081,-1.27655749473206,0.286894701939099,0.987974098057354
"Pamur",550,-0.561982587590202,1.10821771598024,0.581818181818182
"Panyam",2306,0.174288864616401,1.24658720629615,0.357328707718994
"Parchur",1263,-0.42389607580581,0.677531048433874,0.669833729216152
"Parigi",287,-0.328648591979818,0.201805034544974,0.717770034843206
"Parvathipuram",823,-0.494399448697135,0.220176392255821,0.901579586877278
"Pathapatnam",1157,-0.239698240927938,0.437258102422874,0.650821089023336
"Pattikonda",1326,-1.11092432908464,0.920305714696676,0.90422322775264
"Payakaraopeta",718,0.0348416998854349,0.526008055137887,0.401114206128134
"Peapally",1980,-0.538086975174973,1.46198489156315,0.597474747474747
"Peda  Araveedu",757,-1.34256894358321,1.26348800882266,0.916776750330251
"Peda Bayalu",13,-1.36265460567059,0.0509301862085015,1
"Pedacherlo Palle",977,-0.918126882638224,0.652421704329493,0.845445240532242
"Pedakakani",563,-0.161662281823512,0.718440695692565,0.513321492007105
"Pedakurapadu",936,-0.754049020147042,0.281365736379334,0.924145299145299
"Pedana",1,0.672944473242426,NA,0
"Pedanandipadu",799,-0.596612271718852,0.626421053008149,0.759699624530663
"Pedapadu",768,0.203207298328415,0.434206078572039,0.2578125
"Pedaparupudi",965,-0.110139995784425,0.520431914304443,0.44559585492228
"Pedapudi",1675,-0.231480284700751,0.498294784486063,0.542089552238806
"Pedavegi",1019,0.260313437365852,0.867785819770794,0.228655544651619
"Pedda Kadubur",1387,-0.373298588866435,0.757475826650784,0.604902667627974
"Pedda_Panjani",808,-0.197322414388205,0.195040623810622,0.560643564356436
"Peddamandyam",794,-0.420969611574535,0.356638370751443,0.692695214105793
"Peddamudium",1825,-1.0825869923973,0.911153301243078,0.823561643835616
"Peddapuram",1153,0.569708961907098,0.776379948522394,0.169991326973114
"Peddathippasamudram",1693,0.0959049339731946,0.711618010677341,0.468399291199055
"Peddavadugur",2636,-1.05940493672919,0.586865390483125,0.893019726858877
"Pellakur",992,-1.12697460552607,1.37586621226328,0.789314516129032
"Penagalur",534,-1.13868233045319,0.325479863836342,0.958801498127341
"Penamaluru",105,0.260785246062334,0.272098119894371,0.219047619047619
"Pendlimarri",620,-0.413099524460198,0.445333597620001,0.67741935483871
"Pendurthi",80,0.155439516635218,0.311873255981105,0.3125
"Pentapadu",707,0.859961885754344,0.765138455635257,0.101838755304102
"Penuganchiprolu",947,0.217373379929727,0.647345694857741,0.239704329461457
"Penugonda",356,0.682764257447202,0.573728388619083,0.188202247191011
"Penukonda",563,-0.287367469620459,0.261388230964529,0.699822380106572
"Penumantra",415,0.269714606429005,0.20838604053543,0.197590361445783
"Penumuru",865,0.0910329819941265,0.319280223776442,0.384971098265896
"Peravali",205,0.279337442238946,0.56370211564594,0.258536585365854
"Phirangipuram",912,-0.00763034459679425,0.237853485305822,0.416666666666667
"Pichatur",359,-0.119634274616257,0.179241370061355,0.52924791086351
"Piduguralla",1389,-0.702199079891723,0.823326538036342,0.760259179265659
"Pileru",908,-0.0681175988402314,0.333169001722597,0.462555066079295
"Pithapuram",504,0.661500957342223,0.328277519142837,0.0892857142857143
"Pittalavanipalem",752,-0.501208777965984,0.66282329373936,0.63031914893617
"Podalakur",2992,-1.35085765615744,0.763096028658586,0.905080213903743
"Podili",821,0.601007121306039,0.86633177237869,0.213154689403167
"Poduru",898,0.309383665211657,0.461968212162275,0.246102449888641
"Polaki",1344,0.0922602410010112,0.539784022971431,0.369791666666667
"Polavaram",239,0.365099878629818,0.177070558529598,0.0836820083682008
"Ponduru",1039,0.26372004872991,0.536140487180215,0.257940327237729
"Ponnaluru",510,-0.332085193920953,0.451067625321045,0.62156862745098
"Ponnur",1716,-0.112383877093338,0.497004212275802,0.528554778554779
"Porumamilla",175,-0.974403112114455,0.178169506001912,0.988571428571429
"Prathipadu",2080,-0.191500047606317,0.642020113711898,0.521634615384615
"Pulicherla",545,-0.206555731686695,0.29789375489802,0.603669724770642
"Pullalacheruvu",349,-1.5863425462378,0.667019312820235,0.95702005730659
"Punganur",576,-0.209469847599263,0.560580692640359,0.590277777777778
"Pusapatirega",498,0.122409834122238,0.531395683212311,0.357429718875502
"Puthalapattu",695,-0.192988565899728,0.134632896782143,0.543884892086331
"Putlur",815,-3.46920455266377,0.401326232450622,0.995092024539877
"Puttaparthi",677,-0.149454842284501,0.344030065821948,0.604135893648449
"Puttur",57,0.245374930388222,0.946980842683989,0.315789473684211
"Racherla",1743,-1.48771415714609,0.747100614262656,0.932300631095812
"Rajahmundry Rural",111,0.440616638538124,0.987208739265389,0.468468468468468
"Rajam",1109,-0.166265552830314,0.268022162819159,0.499549143372408
"Rajanagaram",1606,0.378719117359193,0.397108819099052,0.219800747198007
"Rajavommangi",428,0.235182893963136,1.38632288999693,0.427570093457944
"Rajupalem",352,-0.393557677119169,0.935273158869289,0.559659090909091
"Rama_Kuppam",302,0.00595314597729639,0.512583158032883,0.701986754966887
"Ramabhadrapuram",444,-0.25861679408601,0.906554184711634,0.484234234234234
"Ramachandrapuram",907,0.780926115575838,0.705139972063329,0.167585446527012
"Ramagiri",320,-1.06232522391038,0.420336517719611,0.96875
"Ramasamudram",168,-0.328512592035337,0.41242531107118,0.642857142857143
"Rambilli",240,-0.488607522257182,0.419318800921257,0.7125
"Rampachodavaram",118,0.220339695957112,0.706875802263513,0.389830508474576
"Ranastalam",645,-0.0427279751955438,0.453589335119716,0.392248062015504
"Rangampeta",1223,0.361251410553081,0.62930826823435,0.178250204415372
"Raptadu",906,-0.243607257887094,0.230214480700828,0.642384105960265
"Rapur",524,-1.38763640960777,0.326671479875934,0.973282442748092
"Ravikamatham",531,-0.357570911474032,0.990570132836051,0.657250470809793
"Ravulapalem",422,0.216715065089454,0.457843863020906,0.300947867298578
"Rayadurg",1211,-0.304792056234475,0.0619094667265833,0.850536746490504
"Rayavaram",518,-0.279732031134841,0.19729511690358,0.702702702702703
"Razole",356,0.218085063776431,0.228323380166285,0.264044943820225
"Reddigudem",396,0.243591242073822,0.448417834938398,0.310606060606061
"Regidi Amadalavalasa",1588,-0.0542792122499545,0.281324762839282,0.542821158690176
"Renigunta",651,-0.274588831192264,0.118598549963286,0.668202764976959
"Rentachintala",1484,-0.667643131133056,0.561671440586038,0.77088948787062
"Repalle",1369,-0.545356982847343,0.458131428686596,0.751643535427319
"Roddam",369,-0.153314785964448,0.329049978581961,0.558265582655827
"Rolla",742,-0.276343565754198,0.242902018076149,0.71832884097035
"Rolugunta",40,0.220520225105591,0.243843765020271,0.25
"Rompicherla",1613,-0.0778902404184504,0.388245010778523,0.494110353378797
"Rudravaram",1746,0.194584884639143,0.802297864430071,0.321878579610538
"S.Rayavaram",1757,-1.35659053825114,0.961874777432902,0.936254980079681
"Sakhinetipalle",201,0.646837821372508,0.136797783928466,0.0248756218905473
"Salur",602,-0.179289862657528,0.560043467252387,0.425249169435216
"Samalkota",1053,-0.14247969295785,0.517944240169371,0.52326685660019
"Sangam",739,-0.59507583150118,0.368451708282845,0.648173207036536
"Sanjamala",977,-1.36096382512889,0.470418533100334,0.992835209825998
"Sankhavaram",578,-0.0155436594082945,0.347123333136072,0.474048442906574
"Santhabommali",1538,0.39871471923353,0.608559756677632,0.200910273081925
"Santhakaviti",1071,-0.00648142547650354,0.277151733556522,0.420168067226891
"Santhamaguluru",777,-0.812260874482038,1.17477775612896,0.767052767052767
"Santhanuthala Padu",664,-0.0766625280379334,1.06525813893086,0.364457831325301
"Santhi Puram",829,-0.200642230403967,0.258835700339589,0.605548854041013
"Saravakota",1029,0.210019199408624,0.350567000742138,0.184645286686103
"Sarubujjili",9,-0.167460514246569,0.113078877930209,0.555555555555556
"Sattenapalle",1572,-0.909864739338902,1.54100649035127,0.719465648854962
"Satyavedu",411,-0.21793361186001,0.278627764655129,0.576642335766423
"Savalyapuram H/O Kanamarlapudi",535,-1.3778176395562,0.404897003263917,0.985046728971963
"Seethampeta",860,-0.161534856159187,0.45049252725768,0.459302325581395
"Seethanagaram",2198,-0.137222931250791,0.562841868304521,0.506369426751592
"Seetharamapuram",318,-0.762239202304094,0.16994196363908,0.99685534591195
"Settur",734,-0.215137174342661,0.155069261343042,0.64850136239782
"Singanamala",750,-0.907490451906235,0.657991642422316,0.909333333333333
"Singarayakonda",356,-0.133163103376679,0.598210612025849,0.438202247191011
"Sirvel",1399,0.193836199818533,1.48892430808018,0.362401715511079
"Sodam",743,0.0186649600442638,0.247872744630215,0.36742934051144
"Somala",1479,-0.0275645512241078,0.479516925029648,0.422582826233942
"Somandepalle",316,-0.253648940753659,0.249207654934271,0.677215189873418
"Sompeta",864,-0.0303505228331978,0.233151928677596,0.365740740740741
"Srikakulam",1020,-0.0241051954746951,0.251107872964683,0.354901960784314
"Srikalahasti",877,0.0467223793867157,0.503521918746435,0.403648802736602
"Srirangarajapuram",171,-0.101352259090134,0.207443507360271,0.584795321637427
"Srungavarapukota",816,-0.309166052421484,0.597814202084314,0.697303921568627
"Sullurpeta",712,-1.73194797919283,0.485931877942029,0.992977528089888
"Sydapuram",1455,-1.39554493318034,1.44152047926534,0.897594501718213
"T.Narasapuram",354,0.226053088192982,0.406869989066633,0.225988700564972
"Tada",307,-1.54482731625028,0.32280521619491,1
"Tadepalle",80,0.0838456187576286,0.292311633375466,0.2875
"Tadepalligudem",754,0.234515902057802,0.63547502923975,0.241379310344828
"Tadikonda",1498,-0.592978835029333,0.703405002849466,0.744993324432577
"Tadimarri",675,-1.55865493248736,0.590471850340865,0.992592592592593
"Tadpatri",1680,-2.02398014479086,0.878035319278543,0.990476190476191
"Tallapudi",179,0.0861690944402387,0.344831701437456,0.435754189944134
"Tallur",774,-0.914296129061428,1.93286500782518,0.686046511627907
"Talupula",653,-0.460815004907596,0.458517000271048,0.791730474732006
"Tanakal",376,-0.0962291617711618,1.6894832774848,0.558510638297872
"Tangutur",850,-0.565533958505234,1.11300241476024,0.654117647058824
"Tanuku",371,1.83390545121849,0.112417677836548,0.00269541778975741
"Tarlupadu",983,-0.198699445697934,1.03771954949383,0.460834181078332
"Tekkali",446,0.153807289646206,0.380540524223073,0.224215246636771
"Tenali",1090,0.210427634693312,0.464485952573408,0.235779816513761
"Thallarevu",465,0.159539579877164,0.0587624129249242,0.0172043010752688
"Thamballapalle",619,0.0158744294913384,0.488733290912537,0.415185783521809
"Thavanampalle",247,-0.0961566048338064,0.58336035699944,0.465587044534413
"Therlam",445,-0.0156018755909963,0.076061509630988,0.179775280898876
"Thondangi",745,-0.0523260179748527,0.53859045643982,0.49261744966443
"Thotapalligudur",809,-0.358044521690679,0.524279266339584,0.559950556242274
"Thotlavalluru",476,0.126077803765563,0.232734220444914,0.239495798319328
"Thottambedu",408,-0.132331624199014,0.231440156736584,0.465686274509804
"Thullur",160,-0.791461406887402,0.838477455542495,0.7
"Tirupati_Rural",87,-0.268998329960651,0.340404131916945,0.64367816091954
"Tiruvuru",696,0.212831192837462,0.425119540893159,0.301724137931034
"Tripuranthakam",1172,-0.687413852452185,1.26283780435844,0.729522184300341
"Tsundur",1595,-0.19412597814559,1.14231012399726,0.557366771159875
"Tuggali",820,-0.721309654201162,1.11339356280867,0.697560975609756
"Tuni",470,-0.322242162578751,0.476084163244688,0.572340425531915
"Udayagiri",690,-1.51596677757709,0.559271337142618,0.934782608695652
"Ulavapadu",670,-0.122223184705553,0.451862752151294,0.374626865671642
"Undi",587,1.05527068317438,0.697172439761587,0.105621805792164
"Undrajavaram",437,0.0788165479374666,1.56924728792781,0.263157894736842
"Unguturu",596,-0.0287648471053448,0.962782028958437,0.436241610738255
"Uppalaguptam",525,0.476875334951628,0.185888765186356,0.135238095238095
"Uravakonda",1037,-0.712228762878515,0.842496956363791,0.739633558341369
"Uyyalawada",2070,-0.115407054442706,1.05915180687149,0.417874396135266
"Vadamalapeta",61,0.0270296352417674,0.426204239467295,0.39344262295082
"Vajrakarur",1007,-0.810006042061925,0.864311128860857,0.759682224428997
"Vajrapukothuru",526,-0.0839628097426255,0.114334334980092,0.406844106463878
"Vakadu",1526,-0.250110885397091,0.567435915702718,0.574705111402359
"Vangara",1594,-0.0552862974951241,0.207773484803377,0.480552070263488
"Varadaiahpalem",362,-0.219529315555556,0.295531837496066,0.588397790055249
"Vararamachandrapuram",79,0.570294768796599,0.197819180405033,0.0632911392405063
"Varikuntapadu",679,-1.97088762837734,0.734926173048034,1
"Vatsavai",1214,-0.31665185032333,0.874248713285551,0.523064250411862
"Vatticherukuru",544,-0.628118989048758,0.474701889701779,0.803308823529412
"Vayalpad",913,-0.235135023313933,0.230343850804039,0.607886089813801
"Veduru Kuppam",49,-0.296536748310324,0.545910819370175,0.510204081632653
"Veeraghattam",1964,-0.179745771855923,0.207157152302428,0.570264765784114
"Veerullapadu",322,-1.04401766740767,0.925815373117369,0.872670807453416
"Veldurthi",2065,-0.872325369384691,0.753623212970996,0.797578692493947
"Velgode",1130,-0.759351649741839,0.482716321040966,0.873451327433628
"Veligandla",912,-0.974566885791898,0.847679504644949,0.780701754385965
"Vemuru",1074,0.250227020427868,0.515397406644825,0.281191806331471
"Venkatachalam",577,-1.38556587741542,0.393004046245601,0.989601386481802
"Venkatagiri",836,-1.78627400510546,0.474342609097614,0.985645933014354
"Venkatagirikota",295,1.26097827521934,1.12059339282502,0.183050847457627
"Vepada",494,-0.321940884482779,0.497933172165556,0.572874493927126
"Vetapalem",43,-0.472228772922381,0.298961686256179,0.697674418604651
"Vidapanakal",1590,-0.887165093636372,0.797113249917883,0.79496855345912
"Vidavalur",940,-0.899813122648097,1.24941419142803,0.7
"Vijaya_Puram",95,-0.2310013263733,0.0999762623540289,0.578947368421053
"Vijayawada (Rural)",134,0.289737126416048,0.0313007186054168,0.0149253731343284
"Vinjamur",1123,-1.2817176026175,0.313150111539628,0.971504897595726
"Vinukonda",1335,-0.849157768143479,0.682092265807006,0.89438202247191
"Vissannapet",755,-0.429473953896603,0.636561468857353,0.652980132450331
"Vizianagaram",248,-0.54588067580371,0.280490310614851,0.75
"Voletivaripalem",965,-0.281320135649566,1.13432056856368,0.417616580310881
"Vuyyuru",1167,0.0605874759529151,0.419160190533483,0.32133676092545
"Y. Ramavaram",116,0.0801274088652751,0.689130870539741,0.353448275862069
"Yadamari",147,0.258358194672684,0.39520153851519,0.340136054421769
"Yadiki",823,-0.676942496626883,1.81488517443786,0.596597812879708
"Yeddana Pudi",794,-1.26935750481623,0.593321329898383,0.930730478589421
"Yelamanchili",611,-1.21435765898707,0.825054362243263,0.978723404255319
"Yeleswaram",804,0.561335015300608,0.836865428077217,0.23134328358209
"Yellanur",928,-1.02699130577448,0.979329412987261,0.817887931034483
"Yemmiganur",2162,-0.550035505052879,1.13684480873714,0.679925994449584
"Yerpedu",1741,-0.134426898624371,0.422008133558787,0.512923607122344
"Yerragondapalem",448,-0.49938885587286,1.11151099823569,0.680803571428571
"Yerravaripalem",908,-0.191260044425774,0.150903199102002,0.613436123348018
"Zarugumalli",596,0.513956883269764,0.593917295099232,0.13255033557047
